<?xml version="1.0"?>
<!--<!DOCTYPE metadata SYSTEM "http://www.esri.com/metadata/esriprof80.dtd">-->
<metadata xml:lang="en"><Esri><CreaDate>20030203</CreaDate><CreaTime>14461600</CreaTime><SyncDate>20030101</SyncDate><SyncTime>13034500</SyncTime><ModDate>20030101</ModDate><ModTime>13103800</ModTime><SyncOnce>FALSE</SyncOnce><MetaID>{7D680FEF-25AB-4021-8312-F34496CAEE6D}</MetaID></Esri><idinfo><native Sync="TRUE">Microsoft Windows 2000 Version 5.1 (Build 2600) ; ESRI ArcCatalog 8.2.0.700</native><descript><langdata Sync="TRUE">en</langdata><abstract>This data set represents springs in Utah.  Several methods and agencies produced the data.  The data represents Cartographic Feature Files (CFF) and Digital Line Graph (DLG) data collected by the US Forest Service and US Geological Survey.</abstract><purpose>To show the springs in Utah.</purpose></descript><citation><citeinfo><origin>Automated Geographic Reference Center (AGRC)</origin><pubdate>20010101</pubdate><title>Springs</title><ftname Sync="TRUE">SGID024.Springs</ftname><geoform Sync="TRUE">vector digital data</geoform><onlink>http://agrc.utah.gov</onlink><serinfo><sername>State of Utah SGID</sername><issue>None</issue></serinfo><pubinfo><pubplace>Salt Lake City, UT</pubplace><publish>AGRC</publish></pubinfo><othercit>Digital data at 1:24,000</othercit></citeinfo></citation><timeperd><current>publication date</current><timeinfo><sngdate><caldate>20010101</caldate></sngdate></timeinfo></timeperd><status><progress>Complete</progress><update>As needed</update></status><spdom><bounding><westbc Sync="TRUE">-114.350342</westbc><eastbc Sync="TRUE">-108.859218</eastbc><northbc Sync="TRUE">42.132021</northbc><southbc Sync="TRUE">36.960539</southbc></bounding><lboundng><leftbc Sync="TRUE">222877.603125</leftbc><rightbc Sync="TRUE">676987.303125</rightbc><bottombc Sync="TRUE">4095023.250000</bottombc><topbc Sync="TRUE">4664436.050000</topbc></lboundng></spdom><keywords><theme><themekt>None</themekt><themekey>Hydrography</themekey><themekey>Springs</themekey><themekey>InlandWaters</themekey><themekey>inlandWaters</themekey></theme><place><placekey>Utah</placekey></place></keywords><accconst>None</accconst><useconst>For use at 1:24,000 scale.

Data released to the Receiving Agency (RA) remains the property of the originating data source (see Source_Information) and cannot be reproduced for sale by the RA without the written consent of that data source.  Redistribution of datasets unchanged as obtained from the AGRC and without fee is allowed.

Any hardcopies utilizing these data sets shall clearly indicate their source.  If the RA has modified the data in any way, they are obligated to describe the types of modifications they have performed on the hardcopy map.  RA specifically agrees not to misrepresent these data sets, nor to imply that changes they made were approved by the AGRC.</useconst><natvform Sync="TRUE">SDE Feature Class</natvform><ptcontac><cntinfo><cntpos>SGID Administrator</cntpos><cntaddr><addrtype>mailing and physical address</addrtype><address>5130 State Office Building</address><city>Salt Lake City</city><state>UT</state><postal>84114</postal><country>USA</country></cntaddr><cntvoice>(801) 537-9201</cntvoice><cntfax>(801) 538-3317</cntfax><cntemail>cclark@utah.gov</cntemail><cntorgp><cntorg>Automated Geographic Reference Center</cntorg><cntper>Cindy Clark</cntper></cntorgp></cntinfo></ptcontac><secinfo><secsys>None</secsys><secclass>Unclassified</secclass><sechandl>None</sechandl></secinfo></idinfo><metainfo><langmeta Sync="TRUE">en</langmeta><metstdn Sync="TRUE">FGDC Content Standards for Digital Geospatial Metadata</metstdn><metstdv Sync="TRUE">FGDC-STD-001-1998</metstdv><mettc Sync="TRUE">local time</mettc><metc><cntinfo><cntorgp><cntper>Cindy Clark</cntper><cntorg>Automated Geographic Reference Center</cntorg></cntorgp><cntaddr><addrtype>mailing and physical address</addrtype><city>Salt Lake City</city><state>UT</state><postal>84114</postal><address>5130 State Office Building</address><country>USA</country></cntaddr><cntvoice>(801) 537-9201</cntvoice><cntpos>SGID Administrator</cntpos><cntfax>(801) 538-3317</cntfax><cntemail>cclark@utah.gov</cntemail></cntinfo></metc><metd Sync="TRUE">20030101</metd><metac>None</metac><metuc>None</metuc><metextns><onlink Sync="TRUE">http://www.esri.com/metadata/esriprof80.html</onlink><metprof Sync="TRUE">ESRI Metadata Profile</metprof></metextns></metainfo><spdoinfo><direct Sync="TRUE">Vector</direct><ptvctinf><esriterm Name="SGID024.Springs"><efeatyp Sync="TRUE">Simple</efeatyp><efeageom Sync="TRUE">Point</efeageom><esritopo Sync="TRUE">FALSE</esritopo><efeacnt Sync="TRUE">13687</efeacnt><spindex Sync="TRUE">TRUE</spindex><linrefer Sync="TRUE">FALSE</linrefer></esriterm><sdtsterm Name="SGID024.Springs"><sdtstype Sync="TRUE">Entity point</sdtstype><ptvctcnt Sync="TRUE">13687</ptvctcnt></sdtsterm><esriterm Name="tic"><efeatyp Sync="TRUE">Simple</efeatyp><efeageom Sync="TRUE">Tic</efeageom><esritopo Sync="TRUE">FALSE</esritopo><efeacnt Sync="TRUE">1577</efeacnt><spindex Sync="TRUE">FALSE</spindex><linrefer Sync="TRUE">FALSE</linrefer></esriterm><sdtsterm Name="tic"><sdtstype Sync="TRUE">Point</sdtstype><ptvctcnt Sync="TRUE">1577</ptvctcnt></sdtsterm></ptvctinf></spdoinfo><spref><horizsys><cordsysn><geogcsn Sync="TRUE">GCS_North_American_1983</geogcsn><projcsn Sync="TRUE">NAD_1983_UTM_Zone_12N</projcsn></cordsysn><planar><planci><plance Sync="TRUE">coordinate pair</plance><plandu Sync="TRUE">meters</plandu><coordrep><absres Sync="TRUE">0.100000</absres><ordres Sync="TRUE">0.100000</ordres></coordrep></planci><gridsys><gridsysn Sync="TRUE">Universal Transverse Mercator</gridsysn><utm><utmzone Sync="TRUE">12</utmzone><transmer><sfctrmer Sync="TRUE">0.999600</sfctrmer><longcm Sync="TRUE">-111.000000</longcm><latprjo Sync="TRUE">0.000000</latprjo><feast Sync="TRUE">500000.000000</feast><fnorth Sync="TRUE">0.000000</fnorth></transmer></utm></gridsys></planar><geodetic><horizdn Sync="TRUE">North American Datum of 1983</horizdn><ellips Sync="TRUE">Geodetic Reference System 80</ellips><semiaxis Sync="TRUE">6378137.000000</semiaxis><denflat Sync="TRUE">298.257222</denflat></geodetic></horizsys><vertdef><altsys><altenc Sync="TRUE">Explicit elevation coordinate included with horizontal coordinates</altenc><altres Sync="TRUE">1.000000</altres></altsys></vertdef></spref><eainfo><detailed Name="SGID024.Springs"><enttyp><enttypl Sync="TRUE">SGID024.Springs</enttypl><enttypt Sync="TRUE">Feature Class</enttypt><enttypc Sync="TRUE">13687</enttypc></enttyp><attr><attrlabl Sync="TRUE">OBJECTID</attrlabl><attwidth Sync="TRUE">4</attwidth><atoutwid Sync="TRUE">5</atoutwid><attrtype Sync="TRUE">OID</attrtype><attalias Sync="TRUE">OBJECTID</attalias><atprecis Sync="TRUE">10</atprecis><attscale Sync="TRUE">0</attscale><attrdef Sync="TRUE">Internal feature number.</attrdef><attrdefs Sync="TRUE">ESRI</attrdefs><attrdomv><udom Sync="TRUE">Sequential unique whole numbers that are automatically generated.</udom></attrdomv></attr><attr><attrlabl Sync="TRUE">REL</attrlabl><attwidth Sync="TRUE">4</attwidth><atoutwid Sync="TRUE">5</atoutwid><attrtype Sync="TRUE">Integer</attrtype><attalias Sync="TRUE">REL</attalias><atprecis Sync="TRUE">10</atprecis><attscale Sync="TRUE">0</attscale><attrdef Sync="TRUE">Feature geometry.</attrdef><attrdefs Sync="TRUE">ESRI</attrdefs><attrdomv><udom Sync="TRUE">Coordinates defining the features.</udom></attrdomv></attr><attr><attrlabl Sync="TRUE">CODE</attrlabl><attwidth Sync="TRUE">2</attwidth><atoutwid Sync="TRUE">12</atoutwid><attrtype Sync="TRUE">SmallInteger</attrtype><atnumdec Sync="TRUE">3</atnumdec><attrdef Sync="TRUE">Area of feature in internal units squared.</attrdef><attrdefs Sync="TRUE">ESRI</attrdefs><attrdomv><udom Sync="TRUE">Area is always zero for point coverages.  Values are automatically generated.</udom></attrdomv><attalias Sync="TRUE">CODE</attalias><atprecis Sync="TRUE">3</atprecis><attscale Sync="TRUE">0</attscale></attr><attr><attrlabl Sync="TRUE">SOURCE</attrlabl><attwidth Sync="TRUE">10</attwidth><atoutwid Sync="TRUE">12</atoutwid><attrtype Sync="TRUE">String</attrtype><atnumdec Sync="TRUE">3</atnumdec><attrdef Sync="TRUE">Perimeter of feature in internal units.</attrdef><attrdefs Sync="TRUE">ESRI</attrdefs><attrdomv><udom Sync="TRUE">Perimeter is always zero for point coverages.  Values are automatically generated.</udom></attrdomv><attalias Sync="TRUE">SOURCE</attalias><atprecis Sync="TRUE">0</atprecis><attscale Sync="TRUE">0</attscale></attr><attr><attrlabl Sync="TRUE">SHAPE</attrlabl><attwidth Sync="TRUE">4</attwidth><atoutwid Sync="TRUE">5</atoutwid><attrtype Sync="TRUE">Geometry</attrtype><attrdef Sync="TRUE">Feature geometry.</attrdef><attrdefs Sync="TRUE">ESRI</attrdefs><attrdomv><udom Sync="TRUE">Coordinates defining the features.</udom></attrdomv><attalias Sync="TRUE">Shape</attalias><atprecis Sync="TRUE">0</atprecis><attscale Sync="TRUE">0</attscale></attr><attr><attrlabl Sync="TRUE">SPGS89K024-ID</attrlabl><attwidth Sync="TRUE">4</attwidth><atoutwid Sync="TRUE">5</atoutwid><attrtype Sync="TRUE">Binary</attrtype><attrdef Sync="TRUE">User-defined feature number.</attrdef><attrdefs Sync="TRUE">ESRI</attrdefs></attr><attr><attrlabl Sync="TRUE">REL</attrlabl><attwidth Sync="TRUE">4</attwidth><atoutwid Sync="TRUE">10</atoutwid><attrtype Sync="TRUE">Binary</attrtype></attr><attr><attrlabl Sync="TRUE">CODE</attrlabl><attwidth Sync="TRUE">3</attwidth><atoutwid Sync="TRUE">3</atoutwid><attrtype Sync="TRUE">Integer</attrtype><attrdef>Relate key (AGRC simple code) (0 = Uncoded, 1 = Spring, 2 = Non-flowing well, 3 = Flowing well, 4 = Windmill, 5 = Gaging station, 6 = Pumping station)</attrdef></attr><attr><attrlabl Sync="TRUE">SOURCE</attrlabl><attwidth Sync="TRUE">10</attwidth><atoutwid Sync="TRUE">10</atoutwid><attrtype Sync="TRUE">Character</attrtype><attrdef>source of the data</attrdef></attr><attr><attrlabl Sync="TRUE">$ID</attrlabl><attwidth Sync="TRUE">4</attwidth><atoutwid Sync="TRUE">5</atoutwid><attrtype Sync="TRUE">Binary</attrtype></attr><attr><attrlabl Sync="TRUE">$POLYGONID</attrlabl><attwidth Sync="TRUE">4</attwidth><atoutwid Sync="TRUE">5</atoutwid><attrtype Sync="TRUE">Binary</attrtype></attr><attr><attrlabl Sync="TRUE">$SCALE</attrlabl><attwidth Sync="TRUE">4</attwidth><atoutwid Sync="TRUE">12</atoutwid><attrtype Sync="TRUE">Float</attrtype><atnumdec Sync="TRUE">3</atnumdec></attr><attr><attrlabl Sync="TRUE">$ANGLE</attrlabl><attwidth Sync="TRUE">4</attwidth><atoutwid Sync="TRUE">12</atoutwid><attrtype Sync="TRUE">Float</attrtype><atnumdec Sync="TRUE">3</atnumdec></attr></detailed></eainfo><distinfo><stdorder><digform><digtinfo><formname Sync="TRUE">ARC</formname><filedec Sync="TRUE">No compression applied</filedec><transize Sync="TRUE">0.895</transize><dssize Sync="TRUE">0.895</dssize></digtinfo><digtopt><onlinopt><accinstr Sync="TRUE">Local area network</accinstr><computer><networka><networkr Sync="TRUE">\\AGRC2\dbadmin\sgid\work\st_covs\qd024\hdspg</networkr></networka></computer></onlinopt></digtopt></digform></stdorder><distrib><cntinfo><cntpos>SGID Administrator</cntpos><cntaddr><addrtype>mailing and physical address</addrtype><address>5130 State Office Building</address><city>Salt Lake City</city><state>UT</state><postal>84114</postal><country>USA</country></cntaddr><cntvoice>(801) 537-9201</cntvoice><cntfax>(801) 538-3317</cntfax><cntemail>cclark@utah.gov</cntemail><cntorgp><cntorg>Automated Geographic Reference Center</cntorg><cntper>Cindy Clark</cntper></cntorgp></cntinfo></distrib><resdesc>Downloadable Data</resdesc><distliab>AGRC provides these data "as is" without liability.</distliab></distinfo><dataqual><attracc><attraccr>Feature attributes were taken from source material.  Code assignments are believed to be representative of the source document.</attraccr></attracc><logic>Point topology present.  Data was reviewed for correct topological structure.</logic><complete>The data extend throughout Utah.</complete><posacc><horizpa><horizpar>The data meet NMAS standards for 1:24,000 scale data.</horizpar></horizpa></posacc><lineage><procstep><procdesc Sync="TRUE">Metadata imported.</procdesc><srcused Sync="TRUE">G:\USERS\COMMON\AGRC\Metadata\agr9\metadata\qd024\hdspg\metadata.xml</srcused><date Sync="TRUE">20020620</date><time Sync="TRUE">08500900</time></procstep><procstep><procdesc Sync="TRUE">Metadata imported.</procdesc><srcused Sync="TRUE">I:\sgid\work\hydrology\spgs89k024\metadata.xml</srcused><date Sync="TRUE">20030101</date><time Sync="TRUE">13034500</time></procstep><srcinfo><srcscale>24000</srcscale></srcinfo><procstep><procdesc Sync="TRUE">Dataset copied.</procdesc><srcused Sync="TRUE">Server=agrc.state.ut.us; Service=5151; User=agrc; Version=SDE.DEFAULT</srcused><date Sync="TRUE">20030203</date><time Sync="TRUE">14461600</time></procstep></lineage></dataqual><dataIdInfo><envirDesc Sync="TRUE">Microsoft Windows 2000 Version 5.1 (Build 2600) ; ESRI ArcCatalog 8.2.0.700</envirDesc><dataLang><languageCode Sync="TRUE" value="en"></languageCode></dataLang><idCitation><resTitle Sync="TRUE">SGID024.Springs</resTitle><presForm><PresFormCd Sync="TRUE" value="005"></PresFormCd></presForm></idCitation><spatRpType><SpatRepTypCd Sync="TRUE" value="001"></SpatRepTypCd></spatRpType><geoBox esriExtentType="native"><westBL Sync="TRUE">222877.603125</westBL><eastBL Sync="TRUE">676987.303125</eastBL><northBL Sync="TRUE">4664436.05</northBL><southBL Sync="TRUE">4095023.25</southBL><exTypeCode Sync="TRUE">1</exTypeCode></geoBox><geoBox esriExtentType="decdegrees"><westBL Sync="TRUE">-114.350342</westBL><eastBL Sync="TRUE">-108.859218</eastBL><northBL Sync="TRUE">42.132021</northBL><southBL Sync="TRUE">36.960539</southBL><exTypeCode Sync="TRUE">1</exTypeCode></geoBox></dataIdInfo><mdLang><languageCode Sync="TRUE" value="en"></languageCode></mdLang><mdStanName Sync="TRUE">ISO 19115 Geographic Information - Metadata</mdStanName><mdStanVer Sync="TRUE">DIS_ESRI1.0</mdStanVer><mdChar><CharSetCd Sync="TRUE" value="004"></CharSetCd></mdChar><mdHrLv><ScopeCd Sync="TRUE" value="005"></ScopeCd></mdHrLv><mdHrLvName Sync="TRUE">dataset</mdHrLvName><distInfo><distributor><distorTran><onLineSrc><orDesc Sync="TRUE">002</orDesc><linkage Sync="TRUE">file://</linkage><protocol Sync="TRUE">Local Area Network</protocol></onLineSrc><transSize Sync="TRUE">0.895</transSize></distorTran><distorFormat><formatName Sync="TRUE">SDE Feature Class</formatName></distorFormat></distributor></distInfo><refSysInfo><RefSystem><refSysID><identCode Sync="TRUE">NAD_1983_UTM_Zone_12N</identCode></refSysID></RefSystem></refSysInfo><spatRepInfo><VectSpatRep><topLvl><TopoLevCd Sync="TRUE" value="001"></TopoLevCd></topLvl><geometObjs Name="SGID024.Springs"><geoObjTyp><GeoObjTypCd Sync="TRUE" value="004"></GeoObjTypCd></geoObjTyp><geoObjCnt Sync="TRUE">13687</geoObjCnt></geometObjs></VectSpatRep></spatRepInfo><mdDateSt Sync="TRUE">20030101</mdDateSt></metadata>
