<?xml version="1.0" encoding="UTF-8"?>
<CoverageDescription xmlns="http://www.opengis.net/wcs" xmlns:deegree="http://www.deegree.org/wcs" xmlns:gml="http://www.opengis.net/gml" xmlns:xlink="http://www.w3.org/1999/xlink" updateSequence="String" version="1.0.0">
    <CoverageOffering>
        <description xmlns:wcs="http://www.opengis.net/wcs">40111g7</description>
        <name>dem_saltlake</name>
        <label xmlns:wcs="http://www.opengis.net/wcs">dem_saltlake</label>
        <lonLatEnvelope xmlns:wcs="http://www.opengis.net/wcs" srsName="WGS84(DD)">
            <gml:pos dimension="2">-111.9779040644908, 40.69239810940439</gml:pos>
            <gml:pos dimension="2">-111.750633647006, 40.875836280377996</gml:pos>
        </lonLatEnvelope>
        <wcs:keywords xmlns:wcs="http://www.opengis.net/wcs">
            <wcs:keyword></wcs:keyword>
        </wcs:keywords>
        <domainSet>
            <spatialDomain xmlns:wcs="http://www.opengis.net/wcs">
                <gml:Envelope srsName="http://www.opengis.net/gml/srs/epsg.xml#26912">
                    <gml:pos dimension="2">417375, 4505071</gml:pos>
                    <gml:pos dimension="2">436751.978, 4525245</gml:pos>
                </gml:Envelope>
            </spatialDomain>
        </domainSet>
        <domainSet>
            <spatialDomain xmlns:wcs="http://www.opengis.net/wcs">
                <gml:Envelope srsName="http://www.opengis.net/gml/srs/epsg.xml#4326">
                    <gml:pos dimension="2">-111.9779040644908, 40.69239810940439</gml:pos>
                    <gml:pos dimension="2">-111.750633647006, 40.875836280377996</gml:pos>
                </gml:Envelope>
            </spatialDomain>
        </domainSet>
        <rangeSet>
            <RangeSet refSys="http://www.deegree.org" refSysLabel="String" semantic="http://www.deegree.org">
                <description xmlns:wcs="http://www.opengis.net/wcs">dem_saltlake</description>
                <name>dem_saltlake</name>
                <label xmlns:wcs="http://www.opengis.net/wcs">dem_saltlake</label>
                <nullValues semantic="http://www.deegree.org" type="xs:integer">
                    <singleValue>-32767</singleValue>
                </nullValues>
            </RangeSet>
        </rangeSet>
        <supportedCRSs>
            <requestCRSs xmlns:wcs="http://www.opengis.net/wcs">EPSG:26912</requestCRSs>
            <requestResponseCRSs xmlns:wcs="http://www.opengis.net/wcs">EPSG:26912</requestResponseCRSs>
            <nativeCRSs xmlns:wcs="http://www.opengis.net/wcs">EPSG:26912</nativeCRSs>
        </supportedCRSs>
        <supportedFormats xmlns:wcs="http://www.opengis.net/wcs" nativeFormat="TIFF">
            <formats>GeoTiff</formats>
            <formats>TIFF</formats>
            <formats>XYZ</formats>
        </supportedFormats>
        <supportedInterpolations default="nearest neighbor">
            <interpolationMethod>nearest neighbor</interpolationMethod>
        </supportedInterpolations>
        <deegree:Extension type="file">
            <deegree:Resolution max="9999999" min="0.01">
                <deegree:File height="1369" width="1048">
                    <deegree:Name>dem_saltlake.tiff</deegree:Name>
                    <gml:Envelope srsName="http://www.opengis.net/gml/srs/epsg.xml#26912">
                        <gml:coordinates>414537.080,4427683.323 500008.711,4539334.719</gml:coordinates>
                    </gml:Envelope>
                </deegree:File>
            </deegree:Resolution>
        </deegree:Extension>
    </CoverageOffering>
</CoverageDescription>